file_id,age
image_0.jpg,62.0
image_1.jpg,48.0
image_10.jpg,39.0
image_100.jpg,55.0
image_1000.jpg,22.0
image_1001.jpg,26.0
image_1002.jpg,74.0
image_1003.jpg,37.0
image_1004.jpg,54.0
image_1005.jpg,67.0
image_1006.jpg,43.0
image_1007.jpg,64.0
image_1008.jpg,62.0
image_1009.jpg,32.0
image_101.jpg,55.0
image_1010.jpg,52.0
image_1011.jpg,12.0
image_1012.jpg,80.0
image_1013.jpg,76.0
image_1014.jpg,52.0
image_1015.jpg,32.0
image_1016.jpg,59.0
image_1017.jpg,42.0
image_1018.jpg,30.0
image_1019.jpg,40.0
image_102.jpg,30.0
image_1020.jpg,35.0
image_1021.jpg,8.0
image_1022.jpg,4.0
image_1023.jpg,28.0
image_1024.jpg,33.0
image_1025.jpg,56.0
image_1026.jpg,14.0
image_1027.jpg,4.0
image_1028.jpg,28.0
image_1029.jpg,24.0
image_103.jpg,28.0
image_1030.jpg,60.0
image_1031.jpg,1.0
image_1032.jpg,52.0
image_1033.jpg,28.0
image_1034.jpg,24.0
image_1035.jpg,48.0
image_1036.jpg,64.0
image_1037.jpg,22.0
image_1038.jpg,52.0
image_1039.jpg,26.0
image_104.jpg,17.0
image_1040.jpg,22.0
image_1041.jpg,44.0
image_1042.jpg,38.0
image_1043.jpg,61.0
image_1044.jpg,36.0
image_1045.jpg,42.0
image_1046.jpg,30.0
image_1047.jpg,42.0
image_1048.jpg,62.0
image_1049.jpg,2.0
image_105.jpg,26.0
image_1050.jpg,51.0
image_1051.jpg,66.0
image_1052.jpg,26.0
image_1053.jpg,72.0
image_1054.jpg,70.0
image_1055.jpg,74.0
image_1056.jpg,28.0
image_1057.jpg,20.0
image_1058.jpg,29.0
image_1059.jpg,8.0
image_106.jpg,59.0
image_1060.jpg,64.0
image_1061.jpg,35.0
image_1062.jpg,46.0
image_1063.jpg,66.0
image_1064.jpg,20.0
image_1065.jpg,68.0
image_1066.jpg,23.0
image_1067.jpg,70.0
image_1068.jpg,64.0
image_1069.jpg,54.0
image_107.jpg,42.0
image_1070.jpg,78.0
image_1071.jpg,59.0
image_1072.jpg,18.0
image_1073.jpg,2.0
image_1074.jpg,36.0
image_1075.jpg,62.0
image_1076.jpg,56.0
image_1077.jpg,20.0
image_1078.jpg,21.0
image_1079.jpg,68.0
image_108.jpg,45.0
image_1080.jpg,24.0
image_1081.jpg,30.0
image_1082.jpg,16.0
image_1083.jpg,21.0
image_1084.jpg,60.0
image_1085.jpg,52.0
image_1086.jpg,54.0
image_1087.jpg,70.0
image_1088.jpg,54.0
image_1089.jpg,28.0
image_109.jpg,26.0
image_1090.jpg,18.0
image_1091.jpg,34.0
image_1092.jpg,38.0
image_1093.jpg,36.0
image_1094.jpg,48.0
image_1095.jpg,45.0
image_1096.jpg,11.0
image_1097.jpg,22.0
image_1098.jpg,13.0
image_1099.jpg,54.0
image_11.jpg,28.0
image_110.jpg,8.0
image_1100.jpg,53.0
image_1101.jpg,3.0
image_1102.jpg,58.0
image_1103.jpg,25.0
image_1104.jpg,32.0
image_1105.jpg,26.0
image_1106.jpg,28.0
image_1107.jpg,17.0
image_1108.jpg,59.0
image_1109.jpg,33.0
image_111.jpg,8.0
image_1110.jpg,34.0
image_1111.jpg,56.0
image_1112.jpg,61.0
image_1113.jpg,46.0
image_1114.jpg,24.0
image_1115.jpg,45.0
image_1116.jpg,62.0
image_1117.jpg,28.0
image_1118.jpg,34.0
image_1119.jpg,18.0
image_112.jpg,26.0
image_1120.jpg,53.0
image_1121.jpg,30.0
image_1122.jpg,57.0
image_1123.jpg,74.0
image_1124.jpg,18.0
image_1125.jpg,50.0
image_1126.jpg,54.0
image_1127.jpg,79.0
image_1128.jpg,38.0
image_1129.jpg,62.0
image_113.jpg,24.0
image_1130.jpg,54.0
image_1131.jpg,26.0
image_1132.jpg,52.0
image_1133.jpg,4.0
image_1134.jpg,52.0
image_1135.jpg,27.0
image_1136.jpg,77.0
image_1137.jpg,26.0
image_1138.jpg,37.0
image_1139.jpg,28.0
image_114.jpg,28.0
image_1140.jpg,24.0
image_1141.jpg,44.0
image_1142.jpg,34.0
image_1143.jpg,66.0
image_1144.jpg,65.0
image_1145.jpg,46.0
image_1146.jpg,30.0
image_1147.jpg,18.0
image_1148.jpg,58.0
image_1149.jpg,66.0
image_115.jpg,22.0
image_1150.jpg,52.0
image_1151.jpg,26.0
image_1152.jpg,53.0
image_1153.jpg,34.0
image_1154.jpg,36.0
image_1155.jpg,4.0
image_1156.jpg,10.0
image_1157.jpg,49.0
image_1158.jpg,25.0
image_1159.jpg,2.0
image_116.jpg,11.0
image_1160.jpg,36.0
image_1161.jpg,28.0
image_1162.jpg,10.0
image_1163.jpg,84.0
image_1164.jpg,54.0
image_1165.jpg,66.0
image_1166.jpg,53.0
image_1167.jpg,22.0
image_1168.jpg,10.0
image_1169.jpg,9.0
image_117.jpg,8.0
image_1170.jpg,6.0
image_1171.jpg,6.0
image_1172.jpg,46.0
image_1173.jpg,70.0
image_1174.jpg,62.0
image_1175.jpg,12.0
image_1176.jpg,82.0
image_1177.jpg,44.0
image_1178.jpg,8.0
image_1179.jpg,56.0
image_118.jpg,68.0
image_1180.jpg,37.0
image_1181.jpg,30.0
image_1182.jpg,32.0
image_1183.jpg,58.0
image_1184.jpg,44.0
image_1185.jpg,38.0
image_1186.jpg,36.0
image_1187.jpg,8.0
image_1188.jpg,11.0
image_1189.jpg,12.0
image_119.jpg,50.0
image_1190.jpg,61.0
image_1191.jpg,10.0
image_1192.jpg,56.0
image_1193.jpg,64.0
image_1194.jpg,26.0
image_1195.jpg,26.0
image_1196.jpg,10.0
image_1197.jpg,18.0
image_1198.jpg,12.0
image_1199.jpg,48.0
image_12.jpg,55.0
image_120.jpg,32.0
image_1200.jpg,70.0
image_1201.jpg,44.0
image_1202.jpg,30.0
image_1203.jpg,52.0
image_1204.jpg,37.0
image_1205.jpg,4.0
image_1206.jpg,55.0
image_1207.jpg,53.0
image_1208.jpg,51.0
image_1209.jpg,34.0
image_121.jpg,27.0
image_1210.jpg,24.0
image_1211.jpg,60.0
image_1212.jpg,70.0
image_1213.jpg,65.0
image_1214.jpg,42.0
image_1215.jpg,59.0
image_1216.jpg,13.0
image_1217.jpg,1.0
image_1218.jpg,58.0
image_1219.jpg,58.0
image_122.jpg,34.0
image_1220.jpg,26.0
image_1221.jpg,58.0
image_1222.jpg,68.0
image_1223.jpg,74.0
image_1224.jpg,2.0
image_1225.jpg,80.0
image_1226.jpg,28.0
image_1227.jpg,42.0
image_1228.jpg,68.0
image_1229.jpg,20.0
image_123.jpg,14.0
image_1230.jpg,10.0
image_1231.jpg,60.0
image_1232.jpg,38.0
image_1233.jpg,23.0
image_1234.jpg,26.0
image_1235.jpg,54.0
image_1236.jpg,52.0
image_1237.jpg,17.0
image_1238.jpg,8.0
image_1239.jpg,21.0
image_124.jpg,22.0
image_1240.jpg,23.0
image_1241.jpg,30.0
image_1242.jpg,65.0
image_1243.jpg,56.0
image_1244.jpg,26.0
image_1245.jpg,13.0
image_1246.jpg,32.0
image_1247.jpg,38.0
image_1248.jpg,43.0
image_1249.jpg,46.0
image_125.jpg,63.0
image_1250.jpg,4.0
image_1251.jpg,64.0
image_1252.jpg,44.0
image_1253.jpg,60.0
image_1254.jpg,40.0
image_1255.jpg,6.0
image_1256.jpg,52.0
image_1257.jpg,76.0
image_1258.jpg,47.0
image_1259.jpg,56.0
image_126.jpg,8.0
image_1260.jpg,55.0
image_1261.jpg,61.0
image_1262.jpg,4.0
image_1263.jpg,36.0
image_1264.jpg,26.0
image_1265.jpg,44.0
image_1266.jpg,11.0
image_1267.jpg,54.0
image_1268.jpg,52.0
image_1269.jpg,34.0
image_127.jpg,26.0
image_1270.jpg,34.0
image_1271.jpg,51.0
image_1272.jpg,69.0
image_1273.jpg,50.0
image_1274.jpg,38.0
image_1275.jpg,38.0
image_1276.jpg,40.0
image_1277.jpg,51.0
image_1278.jpg,31.0
image_1279.jpg,26.0
image_128.jpg,14.0
image_1280.jpg,47.0
image_1281.jpg,84.0
image_1282.jpg,56.0
image_1283.jpg,65.0
image_1284.jpg,17.0
image_1285.jpg,70.0
image_1286.jpg,17.0
image_1287.jpg,16.0
image_1288.jpg,58.0
image_1289.jpg,62.0
image_129.jpg,39.0
image_1290.jpg,34.0
image_1291.jpg,59.0
image_1292.jpg,34.0
image_1293.jpg,22.0
image_1294.jpg,53.0
image_1295.jpg,61.0
image_1296.jpg,61.0
image_1297.jpg,26.0
image_1298.jpg,26.0
image_1299.jpg,53.0
image_13.jpg,61.0
image_130.jpg,12.0
image_1300.jpg,70.0
image_1301.jpg,24.0
image_1302.jpg,18.0
image_1303.jpg,34.0
image_1304.jpg,47.0
image_1305.jpg,48.0
image_1306.jpg,30.0
image_1307.jpg,3.0
image_1308.jpg,54.0
image_1309.jpg,46.0
image_131.jpg,54.0
image_1310.jpg,58.0
image_1311.jpg,47.0
image_1312.jpg,36.0
image_1313.jpg,56.0
image_1314.jpg,24.0
image_1315.jpg,37.0
image_1316.jpg,34.0
image_1317.jpg,38.0
image_1318.jpg,8.0
image_1319.jpg,40.0
image_132.jpg,58.0
image_1320.jpg,57.0
image_1321.jpg,67.0
image_1322.jpg,30.0
image_1323.jpg,14.0
image_1324.jpg,31.0
image_1325.jpg,8.0
image_1326.jpg,18.0
image_1327.jpg,61.0
image_1328.jpg,10.0
image_1329.jpg,28.0
image_133.jpg,48.0
image_1330.jpg,70.0
image_1331.jpg,30.0
image_1332.jpg,46.0
image_1333.jpg,64.0
image_1334.jpg,41.0
image_1335.jpg,56.0
image_1336.jpg,44.0
image_1337.jpg,48.0
image_1338.jpg,29.0
image_1339.jpg,4.0
image_134.jpg,26.0
image_1340.jpg,25.0
image_1341.jpg,58.0
image_1342.jpg,29.0
image_1343.jpg,46.0
image_1344.jpg,4.0
image_1345.jpg,50.0
image_1346.jpg,46.0
image_1347.jpg,29.0
image_1348.jpg,52.0
image_1349.jpg,50.0
image_135.jpg,9.0
image_1350.jpg,65.0
image_1351.jpg,44.0
image_1352.jpg,56.0
image_1353.jpg,38.0
image_1354.jpg,46.0
image_1355.jpg,36.0
image_1356.jpg,4.0
image_1357.jpg,25.0
image_1358.jpg,46.0
image_1359.jpg,4.0
image_136.jpg,25.0
image_1360.jpg,19.0
image_1361.jpg,23.0
image_1362.jpg,49.0
image_1363.jpg,12.0
image_1364.jpg,57.0
image_1365.jpg,56.0
image_1366.jpg,38.0
image_1367.jpg,38.0
image_1368.jpg,72.0
image_1369.jpg,28.0
image_137.jpg,28.0
image_1370.jpg,26.0
image_1371.jpg,46.0
image_1372.jpg,38.0
image_1373.jpg,48.0
image_1374.jpg,27.0
image_1375.jpg,56.0
image_1376.jpg,12.0
image_1377.jpg,8.0
image_1378.jpg,58.0
image_1379.jpg,4.0
image_138.jpg,34.0
image_1380.jpg,72.0
image_1381.jpg,4.0
image_1382.jpg,66.0
image_1383.jpg,71.0
image_1384.jpg,61.0
image_1385.jpg,67.0
image_1386.jpg,82.0
image_1387.jpg,6.0
image_1388.jpg,48.0
image_1389.jpg,40.0
image_139.jpg,17.0
image_1390.jpg,14.0
image_1391.jpg,24.0
image_1392.jpg,38.0
image_1393.jpg,12.0
image_1394.jpg,2.0
image_1395.jpg,12.0
image_1396.jpg,53.0
image_1397.jpg,34.0
image_1398.jpg,60.0
image_1399.jpg,11.0
image_14.jpg,57.0
image_140.jpg,10.0
image_1400.jpg,69.0
image_1401.jpg,52.0
image_1402.jpg,70.0
image_1403.jpg,32.0
image_1404.jpg,28.0
image_1405.jpg,24.0
image_1406.jpg,63.0
image_1407.jpg,34.0
image_1408.jpg,46.0
image_1409.jpg,2.0
image_141.jpg,55.0
image_1410.jpg,10.0
image_1411.jpg,2.0
image_1412.jpg,55.0
image_1413.jpg,20.0
image_1414.jpg,40.0
image_1415.jpg,16.0
image_1416.jpg,44.0
image_1417.jpg,44.0
image_1418.jpg,33.0
image_1419.jpg,16.0
image_142.jpg,2.0
image_1420.jpg,34.0
image_1421.jpg,48.0
image_1422.jpg,76.0
image_1423.jpg,29.0
image_1424.jpg,34.0
image_1425.jpg,6.0
image_1426.jpg,10.0
image_1427.jpg,50.0
image_1428.jpg,10.0
image_1429.jpg,9.0
image_143.jpg,20.0
image_1430.jpg,24.0
image_1431.jpg,9.0
image_1432.jpg,8.0
image_1433.jpg,38.0
image_1434.jpg,11.0
image_1435.jpg,44.0
image_1436.jpg,36.0
image_1437.jpg,56.0
image_1438.jpg,38.0
image_1439.jpg,46.0
image_144.jpg,14.0
image_1440.jpg,48.0
image_1441.jpg,44.0
image_1442.jpg,8.0
image_1443.jpg,33.0
image_1444.jpg,1.0
image_1445.jpg,30.0
image_1446.jpg,64.0
image_1447.jpg,4.0
image_1448.jpg,54.0
image_1449.jpg,36.0
image_145.jpg,10.0
image_1450.jpg,2.0
image_1451.jpg,26.0
image_1452.jpg,34.0
image_1453.jpg,36.0
image_1454.jpg,28.0
image_1455.jpg,62.0
image_1456.jpg,49.0
image_1457.jpg,68.0
image_1458.jpg,23.0
image_1459.jpg,53.0
image_146.jpg,64.0
image_1460.jpg,44.0
image_1461.jpg,73.0
image_1462.jpg,38.0
image_1463.jpg,4.0
image_1464.jpg,28.0
image_1465.jpg,74.0
image_1466.jpg,12.0
image_1467.jpg,35.0
image_1468.jpg,30.0
image_1469.jpg,26.0
image_147.jpg,28.0
image_1470.jpg,30.0
image_1471.jpg,40.0
image_1472.jpg,60.0
image_1473.jpg,28.0
image_1474.jpg,24.0
image_1475.jpg,72.0
image_1476.jpg,74.0
image_1477.jpg,70.0
image_1478.jpg,54.0
image_1479.jpg,39.0
image_148.jpg,35.0
image_1480.jpg,34.0
image_1481.jpg,12.0
image_1482.jpg,14.0
image_1483.jpg,44.0
image_1484.jpg,34.0
image_1485.jpg,82.0
image_1486.jpg,47.0
image_1487.jpg,28.0
image_1488.jpg,62.0
image_1489.jpg,22.0
image_149.jpg,48.0
image_1490.jpg,18.0
image_1491.jpg,26.0
image_1492.jpg,28.0
image_1493.jpg,18.0
image_1494.jpg,44.0
image_1495.jpg,75.0
image_1496.jpg,20.0
image_1497.jpg,56.0
image_1498.jpg,33.0
image_1499.jpg,32.0
image_15.jpg,38.0
image_150.jpg,7.0
image_1500.jpg,40.0
image_1501.jpg,46.0
image_1502.jpg,36.0
image_1503.jpg,10.0
image_1504.jpg,60.0
image_1505.jpg,65.0
image_1506.jpg,72.0
image_1507.jpg,51.0
image_1508.jpg,56.0
image_1509.jpg,61.0
image_151.jpg,68.0
image_1510.jpg,43.0
image_1511.jpg,68.0
image_1512.jpg,38.0
image_1513.jpg,42.0
image_1514.jpg,43.0
image_1515.jpg,34.0
image_1516.jpg,52.0
image_1517.jpg,30.0
image_1518.jpg,41.0
image_1519.jpg,21.0
image_152.jpg,1.0
image_1520.jpg,26.0
image_1521.jpg,12.0
image_1522.jpg,61.0
image_1523.jpg,20.0
image_1524.jpg,80.0
image_1525.jpg,38.0
image_1526.jpg,8.0
image_1527.jpg,44.0
image_1528.jpg,56.0
image_1529.jpg,32.0
image_153.jpg,24.0
image_1530.jpg,47.0
image_1531.jpg,44.0
image_1532.jpg,51.0
image_1533.jpg,44.0
image_1534.jpg,52.0
image_1535.jpg,25.0
image_1536.jpg,24.0
image_1537.jpg,68.0
image_1538.jpg,44.0
image_1539.jpg,58.0
image_154.jpg,82.0
image_1540.jpg,4.0
image_1541.jpg,30.0
image_1542.jpg,79.0
image_1543.jpg,64.0
image_1544.jpg,26.0
image_1545.jpg,66.0
image_1546.jpg,27.0
image_1547.jpg,20.0
image_1548.jpg,34.0
image_1549.jpg,61.0
image_155.jpg,8.0
image_1550.jpg,18.0
image_1551.jpg,3.0
image_1552.jpg,56.0
image_1553.jpg,38.0
image_1554.jpg,32.0
image_1555.jpg,42.0
image_1556.jpg,20.0
image_1557.jpg,34.0
image_1558.jpg,50.0
image_1559.jpg,24.0
image_156.jpg,63.0
image_1560.jpg,63.0
image_1561.jpg,38.0
image_1562.jpg,70.0
image_1563.jpg,74.0
image_1564.jpg,39.0
image_1565.jpg,4.0
image_1566.jpg,48.0
image_1567.jpg,54.0
image_1568.jpg,17.0
image_1569.jpg,24.0
image_157.jpg,44.0
image_1570.jpg,14.0
image_1571.jpg,24.0
image_1572.jpg,48.0
image_1573.jpg,1.0
image_1574.jpg,30.0
image_1575.jpg,68.0
image_1576.jpg,26.0
image_1577.jpg,12.0
image_1578.jpg,54.0
image_1579.jpg,8.0
image_158.jpg,26.0
image_1580.jpg,4.0
image_1581.jpg,49.0
image_1582.jpg,72.0
image_1583.jpg,31.0
image_1584.jpg,4.0
image_1585.jpg,54.0
image_1586.jpg,70.0
image_1587.jpg,74.0
image_1588.jpg,24.0
image_1589.jpg,34.0
image_159.jpg,6.0
image_1590.jpg,39.0
image_1591.jpg,13.0
image_1592.jpg,16.0
image_1593.jpg,27.0
image_1594.jpg,32.0
image_1595.jpg,50.0
image_1596.jpg,21.0
image_1597.jpg,2.0
image_1598.jpg,63.0
image_1599.jpg,60.0
image_16.jpg,58.0
image_160.jpg,6.0
image_1600.jpg,6.0
image_1601.jpg,15.0
image_1602.jpg,80.0
image_1603.jpg,71.0
image_1604.jpg,65.0
image_1605.jpg,59.0
image_1606.jpg,62.0
image_1607.jpg,2.0
image_1608.jpg,24.0
image_1609.jpg,58.0
image_161.jpg,34.0
image_1610.jpg,76.0
image_1611.jpg,60.0
image_1612.jpg,72.0
image_1613.jpg,14.0
image_1614.jpg,52.0
image_1615.jpg,44.0
image_1616.jpg,16.0
image_1617.jpg,70.0
image_1618.jpg,37.0
image_1619.jpg,40.0
image_162.jpg,14.0
image_1620.jpg,64.0
image_1621.jpg,36.0
image_1622.jpg,74.0
image_1623.jpg,36.0
image_1624.jpg,60.0
image_1625.jpg,24.0
image_1626.jpg,52.0
image_1627.jpg,64.0
image_1628.jpg,47.0
image_1629.jpg,13.0
image_163.jpg,48.0
image_1630.jpg,3.0
image_1631.jpg,63.0
image_1632.jpg,70.0
image_1633.jpg,72.0
image_1634.jpg,47.0
image_1635.jpg,32.0
image_1636.jpg,64.0
image_1637.jpg,6.0
image_1638.jpg,23.0
image_1639.jpg,23.0
image_164.jpg,12.0
image_1640.jpg,24.0
image_1641.jpg,26.0
image_1642.jpg,10.0
image_1643.jpg,14.0
image_1644.jpg,57.0
image_1645.jpg,60.0
image_1646.jpg,11.0
image_1647.jpg,32.0
image_1648.jpg,79.0
image_1649.jpg,52.0
image_165.jpg,72.0
image_1650.jpg,12.0
image_1651.jpg,44.0
image_1652.jpg,8.0
image_1653.jpg,30.0
image_1654.jpg,32.0
image_1655.jpg,17.0
image_1656.jpg,22.0
image_1657.jpg,14.0
image_1658.jpg,62.0
image_1659.jpg,71.0
image_166.jpg,60.0
image_1660.jpg,52.0
image_1661.jpg,3.0
image_1662.jpg,36.0
image_1663.jpg,60.0
image_1664.jpg,8.0
image_1665.jpg,50.0
image_1666.jpg,40.0
image_1667.jpg,66.0
image_1668.jpg,46.0
image_1669.jpg,52.0
image_167.jpg,41.0
image_1670.jpg,57.0
image_1671.jpg,12.0
image_1672.jpg,47.0
image_1673.jpg,4.0
image_1674.jpg,54.0
image_1675.jpg,51.0
image_1676.jpg,53.0
image_1677.jpg,50.0
image_1678.jpg,34.0
image_1679.jpg,47.0
image_168.jpg,52.0
image_1680.jpg,28.0
image_1681.jpg,34.0
image_1682.jpg,44.0
image_1683.jpg,24.0
image_1684.jpg,7.0
image_1685.jpg,2.0
image_1686.jpg,4.0
image_1687.jpg,44.0
image_1688.jpg,8.0
image_1689.jpg,29.0
image_169.jpg,8.0
image_1690.jpg,60.0
image_1691.jpg,41.0
image_1692.jpg,28.0
image_1693.jpg,22.0
image_1694.jpg,17.0
image_1695.jpg,30.0
image_1696.jpg,27.0
image_1697.jpg,68.0
image_1698.jpg,41.0
image_1699.jpg,70.0
image_17.jpg,80.0
image_170.jpg,38.0
image_1700.jpg,66.0
image_1701.jpg,40.0
image_1702.jpg,40.0
image_1703.jpg,50.0
image_1704.jpg,28.0
image_1705.jpg,34.0
image_1706.jpg,74.0
image_1707.jpg,4.0
image_1708.jpg,1.0
image_1709.jpg,52.0
image_171.jpg,64.0
image_1710.jpg,25.0
image_1711.jpg,64.0
image_1712.jpg,40.0
image_1713.jpg,74.0
image_1714.jpg,24.0
image_1715.jpg,39.0
image_1716.jpg,10.0
image_1717.jpg,12.0
image_1718.jpg,24.0
image_1719.jpg,77.0
image_172.jpg,62.0
image_1720.jpg,63.0
image_1721.jpg,50.0
image_1722.jpg,14.0
image_1723.jpg,2.0
image_1724.jpg,26.0
image_1725.jpg,8.0
image_1726.jpg,59.0
image_1727.jpg,72.0
image_1728.jpg,5.0
image_1729.jpg,67.0
image_173.jpg,25.0
image_1730.jpg,12.0
image_1731.jpg,13.0
image_1732.jpg,60.0
image_1733.jpg,28.0
image_1734.jpg,41.0
image_1735.jpg,28.0
image_1736.jpg,58.0
image_1737.jpg,6.0
image_1738.jpg,62.0
image_1739.jpg,34.0
image_174.jpg,16.0
image_1740.jpg,50.0
image_1741.jpg,16.0
image_1742.jpg,67.0
image_1743.jpg,4.0
image_1744.jpg,38.0
image_1745.jpg,44.0
image_1746.jpg,5.0
image_1747.jpg,26.0
image_1748.jpg,38.0
image_1749.jpg,10.0
image_175.jpg,26.0
image_1750.jpg,64.0
image_1751.jpg,6.0
image_1752.jpg,10.0
image_1753.jpg,44.0
image_1754.jpg,46.0
image_1755.jpg,69.0
image_1756.jpg,48.0
image_1757.jpg,56.0
image_1758.jpg,50.0
image_1759.jpg,70.0
image_176.jpg,36.0
image_1760.jpg,74.0
image_1761.jpg,38.0
image_1762.jpg,28.0
image_1763.jpg,10.0
image_1764.jpg,21.0
image_1765.jpg,21.0
image_1766.jpg,64.0
image_1767.jpg,60.0
image_1768.jpg,46.0
image_1769.jpg,81.0
image_177.jpg,33.0
image_1770.jpg,66.0
image_1771.jpg,27.0
image_1772.jpg,25.0
image_1773.jpg,60.0
image_1774.jpg,64.0
image_1775.jpg,72.0
image_1776.jpg,4.0
image_1777.jpg,1.0
image_1778.jpg,47.0
image_1779.jpg,60.0
image_178.jpg,55.0
image_1780.jpg,10.0
image_1781.jpg,20.0
image_1782.jpg,26.0
image_1783.jpg,54.0
image_1784.jpg,54.0
image_1785.jpg,6.0
image_1786.jpg,2.0
image_1787.jpg,57.0
image_1788.jpg,24.0
image_1789.jpg,66.0
image_179.jpg,52.0
image_1790.jpg,60.0
image_1791.jpg,70.0
image_1792.jpg,63.0
image_1793.jpg,6.0
image_1794.jpg,74.0
image_1795.jpg,19.0
image_1796.jpg,48.0
image_1797.jpg,24.0
image_1798.jpg,29.0
image_1799.jpg,26.0
image_18.jpg,33.0
image_180.jpg,30.0
image_1800.jpg,41.0
image_1801.jpg,58.0
image_1802.jpg,32.0
image_1803.jpg,71.0
image_1804.jpg,36.0
image_1805.jpg,60.0
image_1806.jpg,67.0
image_1807.jpg,4.0
image_1808.jpg,19.0
image_1809.jpg,84.0
image_181.jpg,82.0
image_1810.jpg,28.0
image_1811.jpg,40.0
image_1812.jpg,69.0
image_1813.jpg,14.0
image_1814.jpg,25.0
image_1815.jpg,8.0
image_1816.jpg,34.0
image_1817.jpg,43.0
image_1818.jpg,12.0
image_1819.jpg,76.0
image_182.jpg,52.0
image_1820.jpg,66.0
image_1821.jpg,56.0
image_1822.jpg,68.0
image_1823.jpg,76.0
image_1824.jpg,11.0
image_1825.jpg,60.0
image_1826.jpg,20.0
image_1827.jpg,6.0
image_1828.jpg,68.0
image_1829.jpg,30.0
image_183.jpg,56.0
image_1830.jpg,18.0
image_1831.jpg,17.0
image_1832.jpg,68.0
image_1833.jpg,62.0
image_1834.jpg,46.0
image_1835.jpg,30.0
image_1836.jpg,28.0
image_1837.jpg,22.0
image_1838.jpg,68.0
image_1839.jpg,39.0
image_184.jpg,66.0
image_1840.jpg,66.0
image_1841.jpg,2.0
image_1842.jpg,38.0
image_1843.jpg,8.0
image_1844.jpg,50.0
image_1845.jpg,31.0
image_1846.jpg,56.0
image_1847.jpg,56.0
image_1848.jpg,36.0
image_1849.jpg,67.0
image_185.jpg,2.0
image_1850.jpg,64.0
image_1851.jpg,21.0
image_1852.jpg,42.0
image_1853.jpg,22.0
image_1854.jpg,68.0
image_1855.jpg,16.0
image_1856.jpg,62.0
image_1857.jpg,12.0
image_1858.jpg,27.0
image_1859.jpg,62.0
image_186.jpg,36.0
image_1860.jpg,36.0
image_1861.jpg,74.0
image_1862.jpg,56.0
image_1863.jpg,36.0
image_1864.jpg,49.0
image_1865.jpg,26.0
image_1866.jpg,58.0
image_1867.jpg,22.0
image_1868.jpg,43.0
image_1869.jpg,7.0
image_187.jpg,36.0
image_1870.jpg,36.0
image_1871.jpg,55.0
image_1872.jpg,54.0
image_1873.jpg,34.0
image_1874.jpg,43.0
image_1875.jpg,54.0
image_1876.jpg,24.0
image_1877.jpg,33.0
image_1878.jpg,62.0
image_1879.jpg,24.0
image_188.jpg,54.0
image_1880.jpg,26.0
image_1881.jpg,8.0
image_1882.jpg,52.0
image_1883.jpg,63.0
image_1884.jpg,31.0
image_1885.jpg,59.0
image_1886.jpg,65.0
image_1887.jpg,64.0
image_1888.jpg,72.0
image_1889.jpg,66.0
image_189.jpg,66.0
image_1890.jpg,28.0
image_1891.jpg,3.0
image_1892.jpg,11.0
image_1893.jpg,68.0
image_1894.jpg,54.0
image_1895.jpg,2.0
image_1896.jpg,74.0
image_1897.jpg,66.0
image_1898.jpg,55.0
image_1899.jpg,24.0
image_19.jpg,8.0
image_190.jpg,44.0
image_1900.jpg,68.0
image_1901.jpg,33.0
image_1902.jpg,62.0
image_1903.jpg,32.0
image_1904.jpg,26.0
image_1905.jpg,12.0
image_1906.jpg,60.0
image_1907.jpg,54.0
image_1908.jpg,66.0
image_1909.jpg,6.0
image_191.jpg,28.0
image_1910.jpg,32.0
image_1911.jpg,9.0
image_1912.jpg,2.0
image_1913.jpg,56.0
image_1914.jpg,38.0
image_1915.jpg,46.0
image_1916.jpg,35.0
image_1917.jpg,46.0
image_1918.jpg,27.0
image_1919.jpg,6.0
image_192.jpg,44.0
image_1920.jpg,42.0
image_1921.jpg,34.0
image_1922.jpg,60.0
image_1923.jpg,45.0
image_1924.jpg,60.0
image_1925.jpg,32.0
image_1926.jpg,22.0
image_1927.jpg,72.0
image_1928.jpg,31.0
image_1929.jpg,26.0
image_193.jpg,40.0
image_1930.jpg,63.0
image_1931.jpg,16.0
image_1932.jpg,18.0
image_1933.jpg,66.0
image_1934.jpg,62.0
image_1935.jpg,26.0
image_1936.jpg,6.0
image_1937.jpg,62.0
image_1938.jpg,34.0
image_1939.jpg,70.0
image_194.jpg,4.0
image_1940.jpg,59.0
image_1941.jpg,12.0
image_1942.jpg,1.0
image_1943.jpg,12.0
image_1944.jpg,56.0
image_1945.jpg,40.0
image_1946.jpg,26.0
image_1947.jpg,56.0
image_1948.jpg,53.0
image_1949.jpg,70.0
image_195.jpg,8.0
image_196.jpg,22.0
image_197.jpg,10.0
image_198.jpg,80.0
image_199.jpg,34.0
image_2.jpg,75.0
image_20.jpg,77.0
image_200.jpg,15.0
image_201.jpg,78.0
image_202.jpg,50.0
image_203.jpg,66.0
image_204.jpg,27.0
image_205.jpg,67.0
image_206.jpg,28.0
image_207.jpg,50.0
image_208.jpg,18.0
image_209.jpg,28.0
image_21.jpg,10.0
image_210.jpg,62.0
image_211.jpg,66.0
image_212.jpg,57.0
image_213.jpg,33.0
image_214.jpg,41.0
image_215.jpg,28.0
image_216.jpg,38.0
image_217.jpg,38.0
image_218.jpg,64.0
image_219.jpg,8.0
image_22.jpg,38.0
image_220.jpg,32.0
image_221.jpg,34.0
image_222.jpg,20.0
image_223.jpg,65.0
image_224.jpg,26.0
image_225.jpg,64.0
image_226.jpg,60.0
image_227.jpg,82.0
image_228.jpg,64.0
image_229.jpg,47.0
image_23.jpg,32.0
image_230.jpg,62.0
image_231.jpg,46.0
image_232.jpg,72.0
image_233.jpg,48.0
image_234.jpg,40.0
image_235.jpg,40.0
image_236.jpg,76.0
image_237.jpg,60.0
image_238.jpg,30.0
image_239.jpg,8.0
image_24.jpg,48.0
image_240.jpg,50.0
image_241.jpg,40.0
image_242.jpg,33.0
image_243.jpg,22.0
image_244.jpg,19.0
image_245.jpg,26.0
image_246.jpg,54.0
image_247.jpg,42.0
image_248.jpg,2.0
image_249.jpg,36.0
image_25.jpg,64.0
image_250.jpg,48.0
image_251.jpg,24.0
image_252.jpg,8.0
image_253.jpg,37.0
image_254.jpg,22.0
image_255.jpg,52.0
image_256.jpg,15.0
image_257.jpg,39.0
image_258.jpg,56.0
image_259.jpg,64.0
image_26.jpg,33.0
image_260.jpg,38.0
image_261.jpg,30.0
image_262.jpg,21.0
image_263.jpg,26.0
image_264.jpg,28.0
image_265.jpg,56.0
image_266.jpg,50.0
image_267.jpg,6.0
image_268.jpg,27.0
image_269.jpg,56.0
image_27.jpg,8.0
image_270.jpg,12.0
image_271.jpg,12.0
image_272.jpg,62.0
image_273.jpg,33.0
image_274.jpg,74.0
image_275.jpg,24.0
image_276.jpg,38.0
image_277.jpg,28.0
image_278.jpg,18.0
image_279.jpg,39.0
image_28.jpg,10.0
image_280.jpg,42.0
image_281.jpg,54.0
image_282.jpg,10.0
image_283.jpg,36.0
image_284.jpg,70.0
image_285.jpg,48.0
image_286.jpg,28.0
image_287.jpg,19.0
image_288.jpg,66.0
image_289.jpg,36.0
image_29.jpg,24.0
image_290.jpg,50.0
image_291.jpg,26.0
image_292.jpg,2.0
image_293.jpg,28.0
image_294.jpg,11.0
image_295.jpg,30.0
image_296.jpg,2.0
image_297.jpg,45.0
image_298.jpg,20.0
image_299.jpg,25.0
image_3.jpg,60.0
image_30.jpg,64.0
image_300.jpg,26.0
image_301.jpg,6.0
image_302.jpg,74.0
image_303.jpg,78.0
image_304.jpg,52.0
image_305.jpg,58.0
image_306.jpg,33.0
image_307.jpg,58.0
image_308.jpg,54.0
image_309.jpg,26.0
image_31.jpg,6.0
image_310.jpg,9.0
image_311.jpg,30.0
image_312.jpg,35.0
image_313.jpg,42.0
image_314.jpg,62.0
image_315.jpg,26.0
image_316.jpg,35.0
image_317.jpg,62.0
image_318.jpg,12.0
image_319.jpg,75.0
image_32.jpg,68.0
image_320.jpg,41.0
image_321.jpg,62.0
image_322.jpg,56.0
image_323.jpg,34.0
image_324.jpg,37.0
image_325.jpg,71.0
image_326.jpg,70.0
image_327.jpg,78.0
image_328.jpg,65.0
image_329.jpg,22.0
image_33.jpg,29.0
image_330.jpg,60.0
image_331.jpg,54.0
image_332.jpg,67.0
image_333.jpg,2.0
image_334.jpg,34.0
image_335.jpg,33.0
image_336.jpg,72.0
image_337.jpg,61.0
image_338.jpg,62.0
image_339.jpg,50.0
image_34.jpg,58.0
image_340.jpg,38.0
image_341.jpg,47.0
image_342.jpg,48.0
image_343.jpg,17.0
image_344.jpg,59.0
image_345.jpg,77.0
image_346.jpg,7.0
image_347.jpg,60.0
image_348.jpg,34.0
image_349.jpg,26.0
image_35.jpg,8.0
image_350.jpg,34.0
image_351.jpg,78.0
image_352.jpg,39.0
image_353.jpg,34.0
image_354.jpg,19.0
image_355.jpg,2.0
image_356.jpg,28.0
image_357.jpg,6.0
image_358.jpg,33.0
image_359.jpg,72.0
image_36.jpg,34.0
image_360.jpg,24.0
image_361.jpg,44.0
image_362.jpg,56.0
image_363.jpg,55.0
image_364.jpg,12.0
image_365.jpg,48.0
image_366.jpg,26.0
image_367.jpg,48.0
image_368.jpg,62.0
image_369.jpg,71.0
image_37.jpg,60.0
image_370.jpg,20.0
image_371.jpg,55.0
image_372.jpg,54.0
image_373.jpg,32.0
image_374.jpg,36.0
image_375.jpg,12.0
image_376.jpg,71.0
image_377.jpg,13.0
image_378.jpg,69.0
image_379.jpg,52.0
image_38.jpg,9.0
image_380.jpg,63.0
image_381.jpg,42.0
image_382.jpg,18.0
image_383.jpg,76.0
image_384.jpg,30.0
image_385.jpg,72.0
image_386.jpg,49.0
image_387.jpg,18.0
image_388.jpg,32.0
image_389.jpg,2.0
image_39.jpg,26.0
image_390.jpg,26.0
image_391.jpg,18.0
image_392.jpg,10.0
image_393.jpg,34.0
image_394.jpg,6.0
image_395.jpg,8.0
image_396.jpg,30.0
image_397.jpg,18.0
image_398.jpg,15.0
image_399.jpg,46.0
image_4.jpg,33.0
image_40.jpg,74.0
image_400.jpg,60.0
image_401.jpg,58.0
image_402.jpg,30.0
image_403.jpg,52.0
image_404.jpg,63.0
image_405.jpg,32.0
image_406.jpg,32.0
image_407.jpg,4.0
image_408.jpg,56.0
image_409.jpg,28.0
image_41.jpg,74.0
image_410.jpg,74.0
image_411.jpg,24.0
image_412.jpg,30.0
image_413.jpg,56.0
image_414.jpg,78.0
image_415.jpg,20.0
image_416.jpg,56.0
image_417.jpg,40.0
image_418.jpg,22.0
image_419.jpg,12.0
image_42.jpg,58.0
image_420.jpg,2.0
image_421.jpg,5.0
image_422.jpg,26.0
image_423.jpg,2.0
image_424.jpg,77.0
image_425.jpg,6.0
image_426.jpg,68.0
image_427.jpg,26.0
image_428.jpg,44.0
image_429.jpg,23.0
image_43.jpg,68.0
image_430.jpg,26.0
image_431.jpg,22.0
image_432.jpg,78.0
image_433.jpg,34.0
image_434.jpg,72.0
image_435.jpg,26.0
image_436.jpg,72.0
image_437.jpg,28.0
image_438.jpg,65.0
image_439.jpg,16.0
image_44.jpg,52.0
image_440.jpg,32.0
image_441.jpg,29.0
image_442.jpg,32.0
image_443.jpg,18.0
image_444.jpg,55.0
image_445.jpg,28.0
image_446.jpg,10.0
image_447.jpg,68.0
image_448.jpg,30.0
image_449.jpg,64.0
image_45.jpg,72.0
image_450.jpg,60.0
image_451.jpg,34.0
image_452.jpg,66.0
image_453.jpg,19.0
image_454.jpg,38.0
image_455.jpg,26.0
image_456.jpg,38.0
image_457.jpg,32.0
image_458.jpg,40.0
image_459.jpg,2.0
image_46.jpg,22.0
image_460.jpg,34.0
image_461.jpg,34.0
image_462.jpg,62.0
image_463.jpg,13.0
image_464.jpg,2.0
image_465.jpg,78.0
image_466.jpg,42.0
image_467.jpg,80.0
image_468.jpg,62.0
image_469.jpg,44.0
image_47.jpg,76.0
image_470.jpg,26.0
image_471.jpg,33.0
image_472.jpg,47.0
image_473.jpg,18.0
image_474.jpg,46.0
image_475.jpg,25.0
image_476.jpg,75.0
image_477.jpg,24.0
image_478.jpg,2.0
image_479.jpg,1.0
image_48.jpg,30.0
image_480.jpg,44.0
image_481.jpg,30.0
image_482.jpg,60.0
image_483.jpg,21.0
image_484.jpg,9.0
image_485.jpg,60.0
image_486.jpg,40.0
image_487.jpg,9.0
image_488.jpg,42.0
image_489.jpg,69.0
image_49.jpg,4.0
image_490.jpg,14.0
image_491.jpg,60.0
image_492.jpg,74.0
image_493.jpg,68.0
image_494.jpg,16.0
image_495.jpg,54.0
image_496.jpg,28.0
image_497.jpg,17.0
image_498.jpg,24.0
image_499.jpg,40.0
image_5.jpg,70.0
image_50.jpg,46.0
image_500.jpg,4.0
image_501.jpg,72.0
image_502.jpg,78.0
image_503.jpg,44.0
image_504.jpg,30.0
image_505.jpg,61.0
image_506.jpg,33.0
image_507.jpg,14.0
image_508.jpg,38.0
image_509.jpg,44.0
image_51.jpg,27.0
image_510.jpg,83.0
image_511.jpg,20.0
image_512.jpg,50.0
image_513.jpg,2.0
image_514.jpg,21.0
image_515.jpg,22.0
image_516.jpg,55.0
image_517.jpg,22.0
image_518.jpg,7.0
image_519.jpg,66.0
image_52.jpg,28.0
image_520.jpg,2.0
image_521.jpg,6.0
image_522.jpg,82.0
image_523.jpg,63.0
image_524.jpg,30.0
image_525.jpg,28.0
image_526.jpg,12.0
image_527.jpg,60.0
image_528.jpg,38.0
image_529.jpg,39.0
image_53.jpg,34.0
image_530.jpg,76.0
image_531.jpg,61.0
image_532.jpg,46.0
image_533.jpg,15.0
image_534.jpg,28.0
image_535.jpg,56.0
image_536.jpg,30.0
image_537.jpg,34.0
image_538.jpg,29.0
image_539.jpg,50.0
image_54.jpg,8.0
image_540.jpg,52.0
image_541.jpg,63.0
image_542.jpg,11.0
image_543.jpg,54.0
image_544.jpg,57.0
image_545.jpg,17.0
image_546.jpg,70.0
image_547.jpg,26.0
image_548.jpg,12.0
image_549.jpg,29.0
image_55.jpg,35.0
image_550.jpg,78.0
image_551.jpg,78.0
image_552.jpg,32.0
image_553.jpg,40.0
image_554.jpg,38.0
image_555.jpg,78.0
image_556.jpg,2.0
image_557.jpg,66.0
image_558.jpg,37.0
image_559.jpg,62.0
image_56.jpg,46.0
image_560.jpg,54.0
image_561.jpg,58.0
image_562.jpg,30.0
image_563.jpg,58.0
image_564.jpg,5.0
image_565.jpg,49.0
image_566.jpg,18.0
image_567.jpg,70.0
image_568.jpg,38.0
image_569.jpg,4.0
image_57.jpg,31.0
image_570.jpg,15.0
image_571.jpg,26.0
image_572.jpg,56.0
image_573.jpg,26.0
image_574.jpg,58.0
image_575.jpg,32.0
image_576.jpg,41.0
image_577.jpg,39.0
image_578.jpg,54.0
image_579.jpg,76.0
image_58.jpg,8.0
image_580.jpg,72.0
image_581.jpg,44.0
image_582.jpg,77.0
image_583.jpg,11.0
image_584.jpg,62.0
image_585.jpg,26.0
image_586.jpg,56.0
image_587.jpg,52.0
image_588.jpg,67.0
image_589.jpg,54.0
image_59.jpg,50.0
image_590.jpg,24.0
image_591.jpg,64.0
image_592.jpg,68.0
image_593.jpg,28.0
image_594.jpg,74.0
image_595.jpg,31.0
image_596.jpg,48.0
image_597.jpg,58.0
image_598.jpg,63.0
image_599.jpg,70.0
image_6.jpg,17.0
image_60.jpg,38.0
image_600.jpg,42.0
image_601.jpg,24.0
image_602.jpg,68.0
image_603.jpg,71.0
image_604.jpg,62.0
image_605.jpg,51.0
image_606.jpg,10.0
image_607.jpg,46.0
image_608.jpg,48.0
image_609.jpg,38.0
image_61.jpg,40.0
image_610.jpg,32.0
image_611.jpg,54.0
image_612.jpg,14.0
image_613.jpg,71.0
image_614.jpg,34.0
image_615.jpg,56.0
image_616.jpg,52.0
image_617.jpg,64.0
image_618.jpg,58.0
image_619.jpg,33.0
image_62.jpg,21.0
image_620.jpg,11.0
image_621.jpg,30.0
image_622.jpg,25.0
image_623.jpg,10.0
image_624.jpg,10.0
image_625.jpg,72.0
image_626.jpg,1.0
image_627.jpg,62.0
image_628.jpg,12.0
image_629.jpg,40.0
image_63.jpg,48.0
image_630.jpg,58.0
image_631.jpg,2.0
image_632.jpg,24.0
image_633.jpg,38.0
image_634.jpg,22.0
image_635.jpg,22.0
image_636.jpg,34.0
image_637.jpg,24.0
image_638.jpg,52.0
image_639.jpg,36.0
image_64.jpg,29.0
image_640.jpg,42.0
image_641.jpg,26.0
image_642.jpg,36.0
image_643.jpg,2.0
image_644.jpg,13.0
image_645.jpg,63.0
image_646.jpg,78.0
image_647.jpg,78.0
image_648.jpg,25.0
image_649.jpg,24.0
image_65.jpg,12.0
image_650.jpg,4.0
image_651.jpg,48.0
image_652.jpg,53.0
image_653.jpg,32.0
image_654.jpg,6.0
image_655.jpg,47.0
image_656.jpg,52.0
image_657.jpg,66.0
image_658.jpg,40.0
image_659.jpg,2.0
image_66.jpg,58.0
image_660.jpg,6.0
image_661.jpg,72.0
image_662.jpg,26.0
image_663.jpg,23.0
image_664.jpg,26.0
image_665.jpg,24.0
image_666.jpg,20.0
image_667.jpg,58.0
image_668.jpg,50.0
image_669.jpg,42.0
image_67.jpg,30.0
image_670.jpg,24.0
image_671.jpg,28.0
image_672.jpg,34.0
image_673.jpg,61.0
image_674.jpg,68.0
image_675.jpg,2.0
image_676.jpg,15.0
image_677.jpg,80.0
image_678.jpg,59.0
image_679.jpg,16.0
image_68.jpg,63.0
image_680.jpg,14.0
image_681.jpg,32.0
image_682.jpg,28.0
image_683.jpg,64.0
image_684.jpg,40.0
image_685.jpg,54.0
image_686.jpg,64.0
image_687.jpg,29.0
image_688.jpg,41.0
image_689.jpg,56.0
image_69.jpg,33.0
image_690.jpg,42.0
image_691.jpg,14.0
image_692.jpg,62.0
image_693.jpg,67.0
image_694.jpg,35.0
image_695.jpg,9.0
image_696.jpg,48.0
image_697.jpg,35.0
image_698.jpg,78.0
image_699.jpg,60.0
image_7.jpg,58.0
image_70.jpg,10.0
image_700.jpg,10.0
image_701.jpg,23.0
image_702.jpg,25.0
image_703.jpg,52.0
image_704.jpg,30.0
image_705.jpg,70.0
image_706.jpg,30.0
image_707.jpg,4.0
image_708.jpg,20.0
image_709.jpg,10.0
image_71.jpg,36.0
image_710.jpg,9.0
image_711.jpg,66.0
image_712.jpg,59.0
image_713.jpg,43.0
image_714.jpg,59.0
image_715.jpg,63.0
image_716.jpg,7.0
image_717.jpg,70.0
image_718.jpg,24.0
image_719.jpg,30.0
image_72.jpg,24.0
image_720.jpg,58.0
image_721.jpg,63.0
image_722.jpg,13.0
image_723.jpg,48.0
image_724.jpg,26.0
image_725.jpg,32.0
image_726.jpg,30.0
image_727.jpg,51.0
image_728.jpg,46.0
image_729.jpg,19.0
image_73.jpg,58.0
image_730.jpg,30.0
image_731.jpg,60.0
image_732.jpg,12.0
image_733.jpg,30.0
image_734.jpg,79.0
image_735.jpg,24.0
image_736.jpg,32.0
image_737.jpg,22.0
image_738.jpg,26.0
image_739.jpg,67.0
image_74.jpg,16.0
image_740.jpg,36.0
image_741.jpg,4.0
image_742.jpg,54.0
image_743.jpg,48.0
image_744.jpg,38.0
image_745.jpg,60.0
image_746.jpg,23.0
image_747.jpg,61.0
image_748.jpg,13.0
image_749.jpg,56.0
image_75.jpg,1.0
image_750.jpg,22.0
image_751.jpg,6.0
image_752.jpg,26.0
image_753.jpg,26.0
image_754.jpg,37.0
image_755.jpg,75.0
image_756.jpg,66.0
image_757.jpg,10.0
image_758.jpg,41.0
image_759.jpg,26.0
image_76.jpg,62.0
image_760.jpg,38.0
image_761.jpg,40.0
image_762.jpg,51.0
image_763.jpg,62.0
image_764.jpg,28.0
image_765.jpg,58.0
image_766.jpg,38.0
image_767.jpg,40.0
image_768.jpg,36.0
image_769.jpg,70.0
image_77.jpg,6.0
image_770.jpg,52.0
image_771.jpg,10.0
image_772.jpg,74.0
image_773.jpg,26.0
image_774.jpg,38.0
image_775.jpg,48.0
image_776.jpg,20.0
image_777.jpg,61.0
image_778.jpg,14.0
image_779.jpg,54.0
image_78.jpg,84.0
image_780.jpg,31.0
image_781.jpg,26.0
image_782.jpg,18.0
image_783.jpg,1.0
image_784.jpg,30.0
image_785.jpg,55.0
image_786.jpg,53.0
image_787.jpg,65.0
image_788.jpg,76.0
image_789.jpg,64.0
image_79.jpg,40.0
image_790.jpg,35.0
image_791.jpg,48.0
image_792.jpg,26.0
image_793.jpg,27.0
image_794.jpg,6.0
image_795.jpg,1.0
image_796.jpg,26.0
image_797.jpg,76.0
image_798.jpg,57.0
image_799.jpg,17.0
image_8.jpg,44.0
image_80.jpg,29.0
image_800.jpg,64.0
image_801.jpg,52.0
image_802.jpg,62.0
image_803.jpg,35.0
image_804.jpg,25.0
image_805.jpg,31.0
image_806.jpg,20.0
image_807.jpg,35.0
image_808.jpg,68.0
image_809.jpg,70.0
image_81.jpg,78.0
image_810.jpg,12.0
image_811.jpg,50.0
image_812.jpg,60.0
image_813.jpg,8.0
image_814.jpg,34.0
image_815.jpg,13.0
image_816.jpg,27.0
image_817.jpg,34.0
image_818.jpg,60.0
image_819.jpg,73.0
image_82.jpg,62.0
image_820.jpg,26.0
image_821.jpg,52.0
image_822.jpg,11.0
image_823.jpg,58.0
image_824.jpg,50.0
image_825.jpg,14.0
image_826.jpg,59.0
image_827.jpg,38.0
image_828.jpg,46.0
image_829.jpg,37.0
image_83.jpg,18.0
image_830.jpg,2.0
image_831.jpg,2.0
image_832.jpg,20.0
image_833.jpg,1.0
image_834.jpg,79.0
image_835.jpg,10.0
image_836.jpg,26.0
image_837.jpg,4.0
image_838.jpg,54.0
image_839.jpg,7.0
image_84.jpg,58.0
image_840.jpg,6.0
image_841.jpg,56.0
image_842.jpg,30.0
image_843.jpg,71.0
image_844.jpg,40.0
image_845.jpg,20.0
image_846.jpg,2.0
image_847.jpg,2.0
image_848.jpg,48.0
image_849.jpg,28.0
image_85.jpg,4.0
image_850.jpg,32.0
image_851.jpg,38.0
image_852.jpg,72.0
image_853.jpg,28.0
image_854.jpg,58.0
image_855.jpg,42.0
image_856.jpg,40.0
image_857.jpg,70.0
image_858.jpg,24.0
image_859.jpg,34.0
image_86.jpg,18.0
image_860.jpg,64.0
image_861.jpg,22.0
image_862.jpg,12.0
image_863.jpg,46.0
image_864.jpg,15.0
image_865.jpg,18.0
image_866.jpg,26.0
image_867.jpg,70.0
image_868.jpg,46.0
image_869.jpg,52.0
image_87.jpg,59.0
image_870.jpg,30.0
image_871.jpg,56.0
image_872.jpg,71.0
image_873.jpg,79.0
image_874.jpg,48.0
image_875.jpg,62.0
image_876.jpg,31.0
image_877.jpg,14.0
image_878.jpg,29.0
image_879.jpg,38.0
image_88.jpg,82.0
image_880.jpg,66.0
image_881.jpg,74.0
image_882.jpg,50.0
image_883.jpg,76.0
image_884.jpg,58.0
image_885.jpg,60.0
image_886.jpg,36.0
image_887.jpg,28.0
image_888.jpg,30.0
image_889.jpg,27.0
image_89.jpg,11.0
image_890.jpg,66.0
image_891.jpg,34.0
image_892.jpg,30.0
image_893.jpg,32.0
image_894.jpg,31.0
image_895.jpg,53.0
image_896.jpg,2.0
image_897.jpg,30.0
image_898.jpg,56.0
image_899.jpg,52.0
image_9.jpg,12.0
image_90.jpg,48.0
image_900.jpg,26.0
image_901.jpg,26.0
image_902.jpg,58.0
image_903.jpg,48.0
image_904.jpg,47.0
image_905.jpg,42.0
image_906.jpg,52.0
image_907.jpg,26.0
image_908.jpg,33.0
image_909.jpg,27.0
image_91.jpg,69.0
image_910.jpg,52.0
image_911.jpg,26.0
image_912.jpg,66.0
image_913.jpg,27.0
image_914.jpg,50.0
image_915.jpg,52.0
image_916.jpg,36.0
image_917.jpg,71.0
image_918.jpg,28.0
image_919.jpg,73.0
image_92.jpg,68.0
image_920.jpg,38.0
image_921.jpg,25.0
image_922.jpg,27.0
image_923.jpg,30.0
image_924.jpg,40.0
image_925.jpg,45.0
image_926.jpg,56.0
image_927.jpg,36.0
image_928.jpg,80.0
image_929.jpg,63.0
image_93.jpg,12.0
image_930.jpg,11.0
image_931.jpg,26.0
image_932.jpg,30.0
image_933.jpg,70.0
image_934.jpg,26.0
image_935.jpg,12.0
image_936.jpg,63.0
image_937.jpg,80.0
image_938.jpg,56.0
image_939.jpg,32.0
image_94.jpg,26.0
image_940.jpg,16.0
image_941.jpg,34.0
image_942.jpg,1.0
image_943.jpg,8.0
image_944.jpg,66.0
image_945.jpg,72.0
image_946.jpg,16.0
image_947.jpg,53.0
image_948.jpg,38.0
image_949.jpg,17.0
image_95.jpg,14.0
image_950.jpg,56.0
image_951.jpg,70.0
image_952.jpg,54.0
image_953.jpg,2.0
image_954.jpg,2.0
image_955.jpg,58.0
image_956.jpg,42.0
image_957.jpg,60.0
image_958.jpg,27.0
image_959.jpg,7.0
image_96.jpg,2.0
image_960.jpg,38.0
image_961.jpg,59.0
image_962.jpg,26.0
image_963.jpg,68.0
image_964.jpg,2.0
image_965.jpg,5.0
image_966.jpg,22.0
image_967.jpg,54.0
image_968.jpg,40.0
image_969.jpg,28.0
image_97.jpg,30.0
image_970.jpg,12.0
image_971.jpg,6.0
image_972.jpg,58.0
image_973.jpg,24.0
image_974.jpg,4.0
image_975.jpg,26.0
image_976.jpg,11.0
image_977.jpg,26.0
image_978.jpg,36.0
image_979.jpg,70.0
image_98.jpg,6.0
image_980.jpg,76.0
image_981.jpg,51.0
image_982.jpg,10.0
image_983.jpg,23.0
image_984.jpg,64.0
image_985.jpg,62.0
image_986.jpg,64.0
image_987.jpg,3.0
image_988.jpg,6.0
image_989.jpg,48.0
image_99.jpg,5.0
image_990.jpg,35.0
image_991.jpg,58.0
image_992.jpg,22.0
image_993.jpg,64.0
image_994.jpg,56.0
image_995.jpg,1.0
image_996.jpg,40.0
image_997.jpg,34.0
image_998.jpg,6.0
image_999.jpg,52.0
